AGS,ARS,GF,GEN,BEZ,SO2_DJF_23_24,SO2_JJA_24,SO2_MAM_24,SO2_SON_24
01001,01001,4,Flensburg,Kreisfreie Stadt,,38.659568936198,97.86245742310189,176.96638965025568
01002,01002,4,Kiel,Kreisfreie Stadt,,57.1977991667415,217.6044316083213,196.5133754994029
01003,01003,4,Lübeck,Kreisfreie Stadt,,9.362357491429123,163.33866825638827,200.73009200293208
01004,01004,4,Neumünster,Kreisfreie Stadt,,49.30084418787898,133.52001328383832,71.77853445146219
02000,02000,4,Hamburg,Kreisfreie Stadt,,77.27827506167878,161.9352786166002,141.79123582738487
03101,03101,4,Braunschweig,Kreisfreie Stadt,,54.704127416872794,255.22226116750574,85.92265435739246
03102,03102,4,Salzgitter,Kreisfreie Stadt,,51.37051021402493,207.57168494630696,146.75704603318235
03103,03103,4,Wolfsburg,Kreisfreie Stadt,,38.575671693957254,126.69299745050346,101.47694386300368
03401,03401,4,Delmenhorst,Kreisfreie Stadt,,90.34333608194471,184.63005055146252,76.38625944866932
03402,03402,4,Emden,Kreisfreie Stadt,,27.06060708466203,116.93467190242366,141.47641730406724
03403,03403,4,Oldenburg (Oldb),Kreisfreie Stadt,,23.92048859750977,253.77035463134973,39.61267927261
03404,03404,4,Osnabrück,Kreisfreie Stadt,,17.121092778369356,145.2680792041494,167.65394499755487
03405,03405,4,Wilhelmshaven,Kreisfreie Stadt,,70.22130199991751,132.01395538005096,120.44484417101775
04011,04011,4,Bremen,Kreisfreie Stadt,,28.014841445187745,186.8111701551596,114.04373271931264
04012,04012,4,Bremerhaven,Kreisfreie Stadt,,126.1240505473356,123.10662021314505,217.4650811888276
05111,05111,4,Düsseldorf,Kreisfreie Stadt,,43.45613609523034,177.03511346641557,31.550042173236307
05112,05112,4,Duisburg,Kreisfreie Stadt,,68.10759672591419,182.41768532476445,129.67345903954285
05113,05113,4,Essen,Kreisfreie Stadt,,50.02424629006017,185.72041858471144,88.43671514980784
05114,05114,4,Krefeld,Kreisfreie Stadt,,29.079501647018475,183.397895087636,31.22675722569032
05116,05116,4,Mönchengladbach,Kreisfreie Stadt,2493.9260851882,12.755136170269564,177.7302952974348,116.3795707919144
05117,05117,4,Mülheim an der Ruhr,Kreisfreie Stadt,,79.64329375538142,136.8462977831565,148.92710254645206
05119,05119,4,Oberhausen,Kreisfreie Stadt,,84.5207871088837,411.52852103912505,-3.3849130072891827
05120,05120,4,Remscheid,Kreisfreie Stadt,277.860520556227,16.855811596616558,166.71593513298674,87.76563747815803
05122,05122,4,Solingen,Kreisfreie Stadt,,40.99626514265479,197.53979681312686,155.8957020763947
05124,05124,4,Wuppertal,Kreisfreie Stadt,,73.55810322935288,266.99062037989046,43.85298230578849
05314,05314,4,Bonn,Kreisfreie Stadt,979.6632256764173,50.01836228400158,160.64308619158408,137.0207380740678
05315,05315,4,Köln,Kreisfreie Stadt,1912.3190781975,93.3113768210296,224.19724470914454,57.33047593572181
05316,05316,4,Leverkusen,Kreisfreie Stadt,1396.7571750716,-25.78768423204855,182.18886862366537,-1.0075885630466492
05512,05512,4,Bottrop,Kreisfreie Stadt,,96.09372464618217,221.2315059795372,107.41979871346224
05513,05513,4,Gelsenkirchen,Kreisfreie Stadt,,61.42037185172692,132.73972669436392,137.7455413872227
05515,05515,4,Münster,Kreisfreie Stadt,,57.929180895276026,225.48536866021,125.6058518567188
05711,05711,4,Bielefeld,Kreisfreie Stadt,,20.346088928362157,182.93604864404426,51.61369747563092
05911,05911,4,Bochum,Kreisfreie Stadt,,35.92239114118939,118.05335212399929,75.82784009923581
05913,05913,4,Dortmund,Kreisfreie Stadt,,77.5571448832841,166.67712375010137,72.6595923281708
05914,05914,4,Hagen,Kreisfreie Stadt,,60.87905840185559,52.568781093403366,91.13368423185108
05915,05915,4,Hamm,Kreisfreie Stadt,,-2.7514289365198477,117.47459711315686,126.19912295678003
05916,05916,4,Herne,Kreisfreie Stadt,,62.57312097446542,210.36816885075288,200.36976800248232
06411,06411,4,Darmstadt,Kreisfreie Stadt,1460.7055724123,95.5781585921427,180.03229429170025,86.18766867046253
06412,06412,4,Frankfurt am Main,Kreisfreie Stadt,1798.2403042991,-2.8322937511518096,153.03650474680921,62.343547005481106
06413,06413,4,Offenbach am Main,Kreisfreie Stadt,2397.2499674613996,-1.8377209444819105,221.48327342879247,46.311592602847476
06414,06414,4,Wiesbaden,Kreisfreie Stadt,1153.4907300800999,9.75224890556377,51.98475296534654,37.30861738478172
06611,06611,4,Kassel,Kreisfreie Stadt,,47.95451289478315,183.73071128120023,79.37389567362547
07111,07111,4,Koblenz,Kreisfreie Stadt,997.6954339507812,-26.168897654141343,147.0968053198373,126.1005716526384
07211,07211,4,Trier,Kreisfreie Stadt,853.6071729320462,-27.491297993225086,122.0838754073963,190.21817776831276
07311,07311,4,Frankenthal (Pfalz),Kreisfreie Stadt,-275.91662910467727,28.097192323672893,152.43339124630444,118.23838355489697
07312,07312,4,Kaiserslautern,Kreisfreie Stadt,884.222646325763,47.87205811685987,147.79384255422698,110.4148199881444
07313,07313,4,Landau in der Pfalz,Kreisfreie Stadt,497.3670108546723,23.86590126855102,60.40036367029483,91.43991523193979
07314,07314,4,Ludwigshafen am Rhein,Kreisfreie Stadt,526.1323752572029,26.508750515593544,160.10605206639084,171.8904912830394
07315,07315,4,Mainz,Kreisfreie Stadt,973.5145098913736,31.045224402956727,74.91067766039943,-27.621630944396227
07316,07316,4,Neustadt an der Weinstraße,Kreisfreie Stadt,1032.8659249612,25.521484367910926,165.2555330282223,-38.43137020256351
07317,07317,4,Pirmasens,Kreisfreie Stadt,449.3937385255158,9.394668721051861,66.63334043277027,25.77714107590045
07318,07318,4,Speyer,Kreisfreie Stadt,-46.218618204453755,15.861228560345626,109.8508118015141,220.51606207694874
07319,07319,4,Worms,Kreisfreie Stadt,908.7816141112312,35.33613941941467,35.161232360526526,18.808785663681583
07320,07320,4,Zweibrücken,Kreisfreie Stadt,1698.3673991046,-21.506348627518506,84.76991988528464,174.1174106198305
09161,09161,4,Ingolstadt,Kreisfreie Stadt,757.5943413722417,-22.591110723360345,84.49788462858734,27.84864617102667
09162,09162,4,München,Kreisfreie Stadt,615.6807329925501,-31.300755344967822,131.2798524744454,99.81626737415394
09163,09163,4,Rosenheim,Kreisfreie Stadt,100.30738548617389,2.042460804227136,247.8939324291599,210.5311237485021
09261,09261,4,Landshut,Kreisfreie Stadt,575.962550026194,15.79117804804369,60.01434104586984,141.54423871816303
09262,09262,4,Passau,Kreisfreie Stadt,1074.3876282462002,19.183357956393852,131.200965250399,183.1020516745711
09263,09263,4,Straubing,Kreisfreie Stadt,1145.7098772739,-16.093532251673054,188.59255751132136,179.21489919774123
09361,09361,4,Amberg,Kreisfreie Stadt,691.1360507616342,18.233357535387082,232.943082584297,254.28584142944123
09362,09362,4,Regensburg,Kreisfreie Stadt,898.746723462786,-0.8154154712356295,84.42635502364303,217.20059493387876
09363,09363,4,Weiden i.d.OPf.,Kreisfreie Stadt,818.1484033845109,-16.522743870173823,106.25936905009696,198.24728804310308
09461,09461,4,Bamberg,Kreisfreie Stadt,372.5599697410217,65.87558615962205,167.14270890113403,192.36521859922024
09462,09462,4,Bayreuth,Kreisfreie Stadt,457.6428953176543,-0.6147596742945955,148.74407588263284,-45.19707737791324
09463,09463,4,Coburg,Kreisfreie Stadt,1421.121592366,-12.698209575516298,228.03997482454716,68.1929152001307
09464,09464,4,Hof,Kreisfreie Stadt,534.896448953921,22.50923001596409,346.1401205305586,56.90846438532576
09561,09561,4,Ansbach,Kreisfreie Stadt,157.89231444095617,50.634255252297464,46.76648443802286,79.81300179333648
09562,09562,4,Erlangen,Kreisfreie Stadt,2081.1829372247003,11.077695314331091,145.99261947568792,43.88385942090157
09563,09563,4,Fürth,Kreisfreie Stadt,924.0094898389946,-1.7367112583927384,0.8302541479634546,0.7876459985442505
09564,09564,4,Nürnberg,Kreisfreie Stadt,527.7783697551533,-1.174246882313402,134.53759969476792,126.98821761478038
09565,09565,4,Schwabach,Kreisfreie Stadt,-450.8231170464014,28.49201215478749,48.60183346244369,170.43990523160753
09661,09661,4,Aschaffenburg,Kreisfreie Stadt,1970.1172744130001,72.02119329341127,70.15768750352208,99.81273646582994
09662,09662,4,Schweinfurt,Kreisfreie Stadt,1491.5130302206999,-22.133730816264027,34.5056252377199,-20.20831876409591
09663,09663,4,Würzburg,Kreisfreie Stadt,408.81320209871,61.259686144899106,99.25784385823411,3.584147601619298
09761,09761,4,Augsburg,Kreisfreie Stadt,384.3023215422006,-0.3866621049413408,89.38773416234298,43.498382913573955
09762,09762,4,Kaufbeuren,Kreisfreie Stadt,523.0066503270115,22.624628161314998,114.33127945282905,190.5094054287884
09763,09763,4,Kempten (Allgäu),Kreisfreie Stadt,165.89685243787073,-2.6765929504794546,162.15260285210195,29.5186775461755
09764,09764,4,Memmingen,Kreisfreie Stadt,414.9707317911552,-2.9684187806690145,30.014091672601264,60.97068779903056
11000,11000,4,Berlin,Kreisfreie Stadt,,2.378259695214991,240.36245224485575,184.1037191608477
12051,12051,4,Brandenburg an der Havel,Kreisfreie Stadt,,5.167888324371438,209.67109698631853,106.22223739391376
12052,12052,4,Cottbus,Kreisfreie Stadt,,23.448588459716902,202.14707267615296,61.09181322357591
12053,12053,4,Frankfurt (Oder),Kreisfreie Stadt,,4.789385562728674,144.50565429139243,271.1981483947512
12054,12054,4,Potsdam,Kreisfreie Stadt,,5.8154511006023135,142.72483605000326,101.2678717554469
13003,13003,4,Rostock,Kreisfreie Stadt,,22.259997629669357,202.89349826413581,223.8149519337063
13004,13004,4,Schwerin,Kreisfreie Stadt,,15.305421349030027,259.8148493792072,231.2685419900689
14511,14511,4,Chemnitz,Kreisfreie Stadt,,44.252159635233454,250.23058996587247,174.0443671648317
14612,14612,4,Dresden,Kreisfreie Stadt,-192.32952090119042,35.44709855571316,267.49046552359056,164.6109422030812
14713,14713,4,Leipzig,Kreisfreie Stadt,294.4313199963793,6.829512421799963,175.50955148517377,131.9508138157545
15001,15001,4,Dessau-Roßlau,Kreisfreie Stadt,,41.441496031267285,138.62967327291895,135.17988624478295
15002,15002,4,Halle (Saale),Kreisfreie Stadt,995.9259789596379,-10.254533396671185,136.33454828083347,212.6311494516123
15003,15003,4,Magdeburg,Kreisfreie Stadt,,0.5697719921676168,194.00004150452483,134.68287041682598
16051,16051,4,Erfurt,Kreisfreie Stadt,-96.76171473246116,23.44270580372859,273.8247962255964,157.70018192090495
16052,16052,4,Gera,Kreisfreie Stadt,390.8657453440645,14.395375089977472,235.2661661493074,38.47809513632808
16053,16053,4,Jena,Kreisfreie Stadt,1819.8679814897,-8.875556668244618,171.3307236927898,150.71133310188767
16054,16054,4,Suhl,Kreisfreie Stadt,2475.3007156528,98.358997920839,135.2297903854659,89.64327523733292
16055,16055,4,Weimar,Kreisfreie Stadt,987.4829224438214,48.695116541955976,181.8003150257184,94.07906812883687
08111,08111,4,Stuttgart,Stadtkreis,198.54899783078022,1.6216352273223569,122.58280450719089,34.53089409264423
08121,08121,4,Heilbronn,Stadtkreis,2559.9446996159,38.82371870035536,64.88005365648944,32.82510463929744
08211,08211,4,Baden-Baden,Stadtkreis,119.43376247454626,1.849798915163656,156.0029480018693,11.750579968726594
08212,08212,4,Karlsruhe,Stadtkreis,1459.5959879468,44.77491004269892,128.41064520245232,27.85021864318777
08221,08221,4,Heidelberg,Stadtkreis,1234.8865265636,2.4182136925062347,335.96376837660137,172.14665020751565
08222,08222,4,Mannheim,Stadtkreis,408.9315871747901,-24.49604226358574,158.91299019474351,70.92928169244433
08231,08231,4,Pforzheim,Stadtkreis,374.73292800174767,44.29739967685247,167.3117966984799,150.57053904490706
08311,08311,4,Freiburg im Breisgau,Stadtkreis,456.27666869304426,-10.68240759495105,66.42699354589385,68.12855155304614
08421,08421,4,Ulm,Stadtkreis,426.0175375457863,3.3560667011521006,120.11537723827983,169.106303588088
01051,01051,4,Dithmarschen,Kreis,,0.2863224699090297,144.16571489336292,166.96049193879065
01053,01053,4,Herzogtum Lauenburg,Kreis,,43.560923627935345,134.7883145249335,179.65417957544793
01054,01054,4,Nordfriesland,Kreis,,22.958801837891677,150.56658918039875,195.80748794372704
01055,01055,4,Ostholstein,Kreis,,33.50910970097425,183.19228350276865,151.73767459411619
01056,01056,4,Pinneberg,Kreis,,41.901444188590766,164.01090780965947,157.84251324013294
01057,01057,4,Plön,Kreis,,69.15177619718008,202.43136974454188,160.52471705024348
01058,01058,4,Rendsburg-Eckernförde,Kreis,,25.02061573402954,151.4899353709663,195.64811937702865
01059,01059,4,Schleswig-Flensburg,Kreis,,42.03599621203466,144.38423662792397,208.0756429716309
01060,01060,4,Segeberg,Kreis,,57.22630601186238,199.21587918046228,145.96812591925573
01061,01061,4,Steinburg,Kreis,,48.061391881577386,62.07870175621259,170.93415888081793
01062,01062,4,Stormarn,Kreis,,56.49839260160564,156.4974931458846,180.0422515517128
05154,05154,4,Kleve,Kreis,,55.79400087458037,126.73194352898521,138.05353037504975
05158,05158,4,Mettmann,Kreis,-12.737077569687171,28.416780796978205,116.001627879873,121.62589796927956
05166,05166,4,Viersen,Kreis,3180.0208426789,44.802611026708824,142.49506865109493,72.97026408662974
05170,05170,4,Wesel,Kreis,,25.399250897058582,152.98939231727405,126.61364752885959
05358,05358,4,Düren,Kreis,1696.7557812643001,67.05571370364082,116.7270590952734,127.02559131441606
05366,05366,4,Euskirchen,Kreis,885.4611586466931,57.862227707385756,163.69509631851486,133.61082337372972
05370,05370,4,Heinsberg,Kreis,1623.0151578303,19.60983057079673,185.09401355335143,127.95724893842626
05554,05554,4,Borken,Kreis,,25.76306200899503,119.87772922053148,132.01937249046918
05558,05558,4,Coesfeld,Kreis,,57.59835586530725,134.79536801123905,120.14144549120505
05562,05562,4,Recklinghausen,Kreis,,69.75999064892441,146.77594402081846,147.2100905434551
05566,05566,4,Steinfurt,Kreis,,35.84903759299379,153.76112403382777,94.86712741934717
05570,05570,4,Warendorf,Kreis,,38.404981295939606,137.82310456572222,118.9151928986813
05754,05754,4,Gütersloh,Kreis,,1.1789580498960464,105.54467652029166,116.79439689107038
05758,05758,4,Herford,Kreis,,-8.186927939829634,141.7132177751983,83.08253004645586
05762,05762,4,Höxter,Kreis,,20.595767107429854,139.3233358447616,90.751113247427
05766,05766,4,Lippe,Kreis,,13.519575498357243,164.4341263347287,48.75792942221553
05770,05770,4,Minden-Lübbecke,Kreis,,7.213111765710879,136.79827225373063,87.36487564652217
05774,05774,4,Paderborn,Kreis,,16.58781645202647,109.97256697534263,81.92637002357053
05966,05966,4,Olpe,Kreis,1237.392991974,78.73231710047371,153.07268358440717,206.96441105044667
05970,05970,4,Siegen-Wittgenstein,Kreis,2195.7866911223,50.77562988693944,173.44158248955608,129.9951991502056
05974,05974,4,Soest,Kreis,,30.89451934382073,119.9512142121791,123.44251138970151
05978,05978,4,Unna,Kreis,,71.17396143806093,152.16923665760157,163.82616097176557
03151,03151,4,Gifhorn,Landkreis,,47.09847475696256,146.15062229529457,140.18059158365222
03153,03153,4,Goslar,Landkreis,,37.47271305709139,205.0571414822594,131.59447927863198
03154,03154,4,Helmstedt,Landkreis,,31.78601014594929,115.9223100202681,104.88395301301635
03155,03155,4,Northeim,Landkreis,,22.975854986462767,193.57572018145322,100.41754005674713
03157,03157,4,Peine,Landkreis,,29.912398558521655,157.17034945854542,72.24570969180739
03158,03158,4,Wolfenbüttel,Landkreis,,40.99483053352209,148.31444979704725,106.20701936021064
03159,03159,4,Göttingen,Landkreis,,31.422269497413627,138.2747197952401,96.96998751843412
03251,03251,4,Diepholz,Landkreis,,41.79964341107845,160.1440927044985,111.33341639784675
03252,03252,4,Hameln-Pyrmont,Landkreis,,18.4318336974588,203.08552180871447,100.51604285791568
03254,03254,4,Hildesheim,Landkreis,,58.163137512901244,202.36892956742687,66.9777479820182
03255,03255,4,Holzminden,Landkreis,,48.249646240007095,141.60093391945037,100.59008525877785
03256,03256,4,Nienburg (Weser),Landkreis,,35.83357688804755,173.15702859144506,134.79708404481522
03257,03257,4,Schaumburg,Landkreis,,1.3832153516779715,179.81678690605384,61.186204566645515
03351,03351,4,Celle,Landkreis,,17.849554008776728,160.08179198556994,97.99049597527517
03352,03352,4,Cuxhaven,Landkreis,,55.44929376135216,123.75375932615303,145.18572378199445
03353,03353,4,Harburg,Landkreis,,48.11296959247015,161.14667984370195,133.8146159913259
03354,03354,4,Lüchow-Dannenberg,Landkreis,,19.445892660186807,149.25411180738766,136.1855679675534
03355,03355,4,Lüneburg,Landkreis,,18.554868001343845,129.80267984046606,172.58577611542506
03356,03356,4,Osterholz,Landkreis,,66.49629770320044,177.56459946476608,115.53127207773106
03357,03357,4,Rotenburg (Wümme),Landkreis,,42.123752729896076,165.33307794197145,145.1132550264223
03359,03359,4,Stade,Landkreis,,42.742057519431114,172.04361198262458,192.58412860190722
03360,03360,4,Uelzen,Landkreis,,33.762520775684195,142.28923914535102,124.52633231481937
03361,03361,4,Verden,Landkreis,,40.63567253416341,153.04352335920296,37.16837370964501
03451,03451,4,Ammerland,Landkreis,,62.34464361568913,131.3028091017078,109.24845900281076
03452,03452,4,Aurich,Landkreis,,27.777373473973256,120.80680395842276,92.90377831401057
03453,03453,4,Cloppenburg,Landkreis,,50.4347782746284,139.3534453055965,111.818661987451
03454,03454,4,Emsland,Landkreis,,14.323814772428461,135.5570364371492,88.51361211510807
03455,03455,4,Friesland,Landkreis,,52.75448885208107,166.91206090772405,166.636546052218
03456,03456,4,Grafschaft Bentheim,Landkreis,,20.08805920880979,154.19232309540638,116.26396374398752
03457,03457,4,Leer,Landkreis,,17.728325315319154,159.30014052449442,92.79872798703528
03458,03458,4,Oldenburg,Landkreis,,70.50622045677343,181.51014553843584,124.34299168832194
03459,03459,4,Osnabrück,Landkreis,,29.733196934589998,135.7665191618538,138.84399288753656
03460,03460,4,Vechta,Landkreis,,26.463298527787643,147.76442881527498,124.57729320096736
03461,03461,4,Wesermarsch,Landkreis,,49.77492955100665,162.39550610855963,136.76092572183575
03462,03462,4,Wittmund,Landkreis,,29.145128539979996,147.07083595442188,115.30395909606649
06431,06431,4,Bergstraße,Landkreis,447.1482077469278,39.7898816734399,128.10861496563146,109.85711428899921
06432,06432,4,Darmstadt-Dieburg,Landkreis,2401.3402389257,17.23220625768595,86.84298414735416,31.79893243085071
06433,06433,4,Groß-Gerau,Landkreis,867.3573312654747,93.32914250835437,141.4186331366367,105.76817898494365
06438,06438,4,Offenbach,Landkreis,2198.9791588722,32.66701573950265,94.65953214924156,84.86293940546871
06531,06531,4,Gießen,Landkreis,1164.8921800193,40.56888507030141,115.72812913023692,157.39336907093232
06533,06533,4,Limburg-Weilburg,Landkreis,1115.1972710604,38.20386170957113,144.29368996430236,106.10941664135753
06534,06534,4,Marburg-Biedenkopf,Landkreis,1613.5089762723999,22.968623147663983,143.1281195487172,179.69825875236808
06631,06631,4,Fulda,Landkreis,2134.6013776503,9.441548072803572,165.46202558975588,104.68071294496112
06632,06632,4,Hersfeld-Rotenburg,Landkreis,3278.9024354969,39.28292060202409,113.87072386418514,64.61398546950277
06633,06633,4,Kassel,Landkreis,,25.58265121493949,146.23393835345394,83.05742906345058
06635,06635,4,Waldeck-Frankenberg,Landkreis,1043.3059930738,51.75378318917238,156.2981146023893,107.95741601169716
07131,07131,4,Ahrweiler,Landkreis,1406.0465385142,27.78488121193766,132.15876417563555,127.97798136871477
07132,07132,4,Altenkirchen (Westerwald),Landkreis,831.1197561316135,32.79488037237822,117.07792181301808,121.98454782382471
07133,07133,4,Bad Kreuznach,Landkreis,867.9625615501166,48.66384236594638,139.40973053325922,95.23916006055408
07134,07134,4,Birkenfeld,Landkreis,649.240243879281,13.013215905489204,144.60984068728015,85.34482596407376
07135,07135,4,Cochem-Zell,Landkreis,824.7844954551285,37.02047763968089,167.51076730184278,77.22300128660855
07137,07137,4,Mayen-Koblenz,Landkreis,915.1688024118688,6.561296282136894,100.7564441107036,91.97260187678305
07138,07138,4,Neuwied,Landkreis,724.0573150242434,18.271084404785736,133.00643796960847,92.21814143123213
07231,07231,4,Bernkastel-Wittlich,Landkreis,1381.5057041767,15.181622835561184,159.18124818438966,113.31291427967572
07233,07233,4,Vulkaneifel,Landkreis,1305.2915399406,35.39233670427711,122.30646644155078,56.27027501413068
07235,07235,4,Trier-Saarburg,Landkreis,995.4714597433631,-3.708277502209055,182.96489973650907,139.67776001744477
07331,07331,4,Alzey-Worms,Landkreis,1161.1277275523,24.563155935183698,93.0061002198175,39.81019697428992
07332,07332,4,Bad Dürkheim,Landkreis,361.3395092364048,15.374478676326623,114.21742322080364,134.38794227438808
07334,07334,4,Germersheim,Landkreis,699.3896187814822,47.06372846987101,176.25348646527073,138.84149674691196
07335,07335,4,Kaiserslautern,Landkreis,528.2201734071949,37.08259892390439,112.4763130762184,74.15362972396726
07336,07336,4,Kusel,Landkreis,589.6873980168604,20.56389012872226,125.32910062322333,132.5335734329948
07337,07337,4,Südliche Weinstraße,Landkreis,1100.8602831095,6.508380380255009,143.17771945333087,91.42688036063008
07339,07339,4,Mainz-Bingen,Landkreis,957.8209549930395,56.03068945036832,135.51363774458423,-6.861093062479083
07340,07340,4,Südwestpfalz,Landkreis,719.1688780237877,15.120645215845716,138.15930898889098,101.28767333944448
08115,08115,4,Böblingen,Landkreis,311.50627766090105,36.371776469452975,123.6786276266346,96.03342579728971
08116,08116,4,Esslingen,Landkreis,520.3986192131119,31.97842000633491,70.92250978942089,91.73874573363243
08117,08117,4,Göppingen,Landkreis,590.855795828488,11.482841365711478,134.56827586284345,22.707268281837223
08118,08118,4,Ludwigsburg,Landkreis,660.5779092378094,28.852769856754975,94.0469334386929,34.66252573252928
08125,08125,4,Heilbronn,Landkreis,595.0032974848727,20.400647485585772,75.08805116158412,45.95349889909467
08127,08127,4,Schwäbisch Hall,Landkreis,473.30407058865273,43.70388488872577,116.57760227402069,114.73402768715489
08135,08135,4,Heidenheim,Landkreis,571.9050275348635,-1.9533186141201104,137.22663383219015,123.19872716277263
08215,08215,4,Karlsruhe,Landkreis,979.8385703185188,44.36851113736931,145.67706915454482,79.2043846117663
08216,08216,4,Rastatt,Landkreis,630.2442369470526,44.477424177557864,121.26714926895609,49.3334169218747
08235,08235,4,Calw,Landkreis,323.89857847593663,20.900110010714453,141.46256869962673,64.04557970689838
08237,08237,4,Freudenstadt,Landkreis,154.60480126109908,12.59872845392364,180.748440223777,125.47625637752209
08315,08315,4,Breisgau-Hochschwarzwald,Landkreis,349.3822300924256,8.733772261120489,191.60423172205745,162.83612960091642
08316,08316,4,Emmendingen,Landkreis,444.30522288972185,31.708508151691863,169.26405045308408,157.48572022188813
08325,08325,4,Rottweil,Landkreis,221.48185268281404,8.323305234998632,255.22988742521886,78.87962313445261
08327,08327,4,Tuttlingen,Landkreis,433.0200180046471,20.620888609492305,182.48970806965616,96.66437734939352
08335,08335,4,Konstanz,Landkreis,481.6108769518623,24.52561266638962,162.1430006118463,97.50580336522931
08336,08336,4,Lörrach,Landkreis,319.9112326882243,34.64888415059159,189.4044759649336,176.45572424137117
08337,08337,4,Waldshut,Landkreis,434.9331984136537,44.55641960367477,136.57359880907552,79.07459137600318
08415,08415,4,Reutlingen,Landkreis,451.8919926966475,40.2814780670986,157.46631725538532,87.24683026231783
08416,08416,4,Tübingen,Landkreis,359.20472359379204,9.792013052804538,98.64989564139753,39.25957320691112
08426,08426,4,Biberach,Landkreis,411.0237107204106,30.492801623854266,114.37862429096235,63.78875138316216
08436,08436,4,Ravensburg,Landkreis,439.5291340483083,3.1716277042730443,115.86271931397391,78.39707853665404
08437,08437,4,Sigmaringen,Landkreis,251.33523167209572,31.695816223770994,167.12433581894925,106.03179726707955
09171,09171,4,Altötting,Landkreis,573.6870174246937,-18.828379727615,91.68472579710675,162.68904881639196
09172,09172,4,Berchtesgadener Land,Landkreis,875.7972945728924,-2.0566343447544573,177.09907058992084,200.2585997624768
09173,09173,4,Bad Tölz-Wolfratshausen,Landkreis,649.3288184076983,-7.6708093857580595,194.93121227410845,161.89624093757334
09174,09174,4,Dachau,Landkreis,1057.6313995153,0.9835199867446325,161.81392085281328,122.63234744737042
09175,09175,4,Ebersberg,Landkreis,520.7191057789203,-14.94071553095611,158.58272306404817,140.30074303094312
09176,09176,4,Eichstätt,Landkreis,816.635036224537,15.503269339900395,117.1249751505798,107.67156644255888
09177,09177,4,Erding,Landkreis,455.8296388025543,9.955751061226115,94.3045309966784,99.3507685487026
09178,09178,4,Freising,Landkreis,686.627061955565,-7.822691775380857,116.85438715548412,106.94384729451195
09179,09179,4,Fürstenfeldbruck,Landkreis,390.91348967525016,1.3532465138276628,164.73263351270083,167.692054112836
09180,09180,4,Garmisch-Partenkirchen,Landkreis,1659.9379872008,-10.426414191954658,163.95240825404534,138.07353586227669
09181,09181,4,Landsberg am Lech,Landkreis,564.0445052088347,-6.874058897943733,97.06908467656575,104.26368891577488
09182,09182,4,Miesbach,Landkreis,1183.9785368141,3.822673622965444,175.12954851274395,104.06075114086082
09183,09183,4,Mühldorf a.Inn,Landkreis,434.47669262670416,-0.956403226407888,123.14755184847037,120.82142780002738
09184,09184,4,München,Landkreis,993.2174004984564,-0.943925715934616,137.9421472830711,80.6889205795504
09185,09185,4,Neuburg-Schrobenhausen,Landkreis,414.4874174601952,-26.27267216011886,94.25375048331055,68.8022033155045
09186,09186,4,Pfaffenhofen a.d.Ilm,Landkreis,495.2689290452113,-14.309422907651584,113.13894101024988,73.41928321547832
09187,09187,4,Rosenheim,Landkreis,446.00183237285,-17.313180432161168,168.72911295868917,113.72429053691557
09188,09188,4,Starnberg,Landkreis,524.4341815239796,-15.012984284978824,237.4416305343555,86.32277664649794
09189,09189,4,Traunstein,Landkreis,585.1056655195133,-19.52200425705346,136.05914670851556,135.06285550339467
09190,09190,4,Weilheim-Schongau,Landkreis,691.2073464317543,7.3296205550158495,124.04714801437011,105.52138380254904
09271,09271,4,Deggendorf,Landkreis,406.6372383414528,1.1326123083440587,120.00847501786063,147.9748658159838
09272,09272,4,Freyung-Grafenau,Landkreis,670.5533683924949,-11.971822642225879,247.6388854342362,156.66537833394275
09273,09273,4,Kelheim,Landkreis,804.9977727987347,-6.282398543790003,94.46419094486006,98.5737648139324
09274,09274,4,Landshut,Landkreis,576.4610462080562,3.7768259723279938,89.3525985744339,127.69340654512865
09275,09275,4,Passau,Landkreis,320.25383084010446,6.598958882658025,128.5662293337327,139.57769985493692
09276,09276,4,Regen,Landkreis,494.77200577851016,22.85697594393645,204.85863947348648,112.16873352275653
09277,09277,4,Rottal-Inn,Landkreis,473.5503743972878,-12.319921805347098,130.56594602516068,128.82244047159472
09278,09278,4,Straubing-Bogen,Landkreis,558.6491768045859,0.11860220263584385,112.06256520395512,118.65406230774056
09279,09279,4,Dingolfing-Landau,Landkreis,477.27673973761944,2.246284947373797,93.98106404825644,185.27086110429133
09371,09371,4,Amberg-Sulzbach,Landkreis,600.7303726840663,-20.92941667524257,180.9413007163125,93.249278953547
09372,09372,4,Cham,Landkreis,604.5174870322215,10.023446633165419,208.49055156891055,117.71171069617152
09373,09373,4,Neumarkt i.d.OPf.,Landkreis,653.8104025030614,25.630313279463437,181.89060154382082,111.79378900429847
09374,09374,4,Neustadt a.d.Waldnaab,Landkreis,620.4930115448993,0.2684943319856083,187.38815688891256,121.43633938665695
09375,09375,4,Regensburg,Landkreis,603.1740470709478,15.673646003344697,119.06262562263692,95.87802180227563
09376,09376,4,Schwandorf,Landkreis,752.8825438469607,3.770562885944306,196.49240384132563,59.39048806104874
09377,09377,4,Tirschenreuth,Landkreis,488.5485525604964,35.82173309010942,216.2727519950161,111.01121274779152
09471,09471,4,Bamberg,Landkreis,539.0466821389656,20.035375979463478,164.24971626031927,92.84425136318714
09472,09472,4,Bayreuth,Landkreis,699.1820908712325,20.91985083528364,217.7119065748349,123.49680294290616
09473,09473,4,Coburg,Landkreis,1208.4281054981,-1.5419926925251044,125.86324648653546,100.55323640948556
09474,09474,4,Forchheim,Landkreis,444.9141881500044,38.07431954521705,193.99935073133489,162.4824370152582
09475,09475,4,Hof,Landkreis,502.45557168635304,26.881073599569042,274.25516605875515,133.480119866085
09476,09476,4,Kronach,Landkreis,1408.8362439835,22.755574342466605,186.95415422023467,67.657692897412
09477,09477,4,Kulmbach,Landkreis,584.8945253040591,-1.7099663594885621,159.08366386893627,103.80992774327552
09478,09478,4,Lichtenfels,Landkreis,1107.4594485135,41.128425895303344,241.60249433119736,69.7531953129008
09479,09479,4,Wunsiedel i.Fichtelgebirge,Landkreis,184.48670577132208,-9.67553649110466,235.95910046163232,127.1473778369881
09571,09571,4,Ansbach,Landkreis,443.53265135081983,21.589279530588048,126.97539814664229,85.90319649828113
09572,09572,4,Erlangen-Höchstadt,Landkreis,395.0161765665832,49.988757360211686,153.30358004916008,79.81102456832919
09573,09573,4,Fürth,Landkreis,640.7288605814342,-22.832109163195234,109.72350021599506,33.33322121467762
09574,09574,4,Nürnberger Land,Landkreis,545.1026870478687,5.4468552797334215,200.0545998444247,109.0560992426946
09575,09575,4,Neustadt a.d.Aisch-Bad Windsheim,Landkreis,391.64707212408024,-5.087260367856475,118.44416783389094,43.94875487562283
09576,09576,4,Roth,Landkreis,666.2886829039469,3.858840279298282,128.66484146801278,88.47967074350525
09577,09577,4,Weißenburg-Gunzenhausen,Landkreis,726.0772475495942,11.085112283883868,119.22167181167345,102.18876152498123
09671,09671,4,Aschaffenburg,Landkreis,1848.6278554857,18.995920401935862,122.3581664995315,40.3444766671117
09672,09672,4,Bad Kissingen,Landkreis,2571.986124309,-0.3034039374286337,119.92712810556908,19.645857729130213
09673,09673,4,Rhön-Grabfeld,Landkreis,1868.2471838294,20.067575236617692,166.28624229840935,95.56285207595808
09674,09674,4,Haßberge,Landkreis,743.5014581153177,7.784218927883066,126.79091502403091,78.88068659093955
09675,09675,4,Kitzingen,Landkreis,424.5705033995937,6.721055300069283,131.95018517950817,85.97384866204966
09676,09676,4,Miltenberg,Landkreis,1479.3361207798,41.75214587422106,116.60354419936124,141.48916070681545
09677,09677,4,Main-Spessart,Landkreis,1653.585376881,37.12270642341328,129.89486806097102,44.38553241938121
09678,09678,4,Schweinfurt,Landkreis,434.2871993393867,8.751380624831315,111.4876167348029,78.5918070788141
09679,09679,4,Würzburg,Landkreis,604.3878366654166,11.548384891757747,89.72575804858204,22.23891359784568
09771,09771,4,Aichach-Friedberg,Landkreis,386.5459970792792,-3.466737465042378,107.59832449369911,84.05048108504198
09772,09772,4,Augsburg,Landkreis,554.6175738026133,-3.692846375402025,125.14380206596125,125.9369492823337
09773,09773,4,Dillingen a.d.Donau,Landkreis,573.821818265175,32.15067790638254,113.6109365475216,28.55046111939636
09774,09774,4,Günzburg,Landkreis,556.2467456047204,11.500550530599215,75.24759829925816,32.364630882447045
09775,09775,4,Neu-Ulm,Landkreis,385.74802040112377,-7.461230202118514,156.45234570243525,78.59399163539891
09776,09776,4,Lindau (Bodensee),Landkreis,858.0999064545961,-4.79507867903792,159.60716897909418,151.35661405857448
09777,09777,4,Ostallgäu,Landkreis,453.74986661775966,12.652349902495637,109.11199520781645,97.81150138251013
09778,09778,4,Unterallgäu,Landkreis,337.8748312438947,15.799669479052618,65.64878040391937,135.2788237179402
09779,09779,4,Donau-Ries,Landkreis,784.0362333359537,35.4162690578961,145.47186950604834,125.07529943347102
09780,09780,4,Oberallgäu,Landkreis,440.3725912153061,10.429031789100343,63.29354384579352,135.32394422616989
10042,10042,4,Merzig-Wadern,Landkreis,876.8058681566225,37.77529495117706,184.73279640723064,203.13475488655754
10043,10043,4,Neunkirchen,Landkreis,967.9184696184344,25.30995422359115,134.99617930432947,139.99474011586364
10044,10044,4,Saarlouis,Landkreis,851.94145594609,29.83472103610952,144.60456148128742,206.85955957726523
10046,10046,4,St. Wendel,Landkreis,532.5612295019105,26.60181063011777,111.61663123393043,130.04219509510037
12060,12060,4,Barnim,Landkreis,,-11.419883825958951,258.58428859394587,226.39045064955408
12061,12061,4,Dahme-Spreewald,Landkreis,,13.887265391488596,214.650805871877,196.66904575428865
12062,12062,4,Elbe-Elster,Landkreis,,7.290516272982807,248.37534920692482,187.0297790064905
12063,12063,4,Havelland,Landkreis,,23.851628262636915,196.45788595333713,168.3890415651023
12064,12064,4,Märkisch-Oderland,Landkreis,,9.385271379143232,205.94217074859483,238.83097812620042
12065,12065,4,Oberhavel,Landkreis,,7.206339430762687,241.29069981230012,186.48118672849748
12066,12066,4,Oberspreewald-Lausitz,Landkreis,,25.694518358645492,209.11518130530015,130.34853345495114
12067,12067,4,Oder-Spree,Landkreis,,18.281675158364934,234.37355566375192,182.888667042886
12068,12068,4,Ostprignitz-Ruppin,Landkreis,,6.0682597069774165,191.82702215841203,158.9880204623245
12069,12069,4,Potsdam-Mittelmark,Landkreis,,12.251074851845848,182.73149371092893,146.61352800791835
12070,12070,4,Prignitz,Landkreis,,22.52232762050764,182.0750591189256,136.15988181245226
12071,12071,4,Spree-Neiße,Landkreis,,3.505775972927369,174.12213153385895,211.04004252506488
12072,12072,4,Teltow-Fläming,Landkreis,,1.2374504010441405,201.89903657532096,156.15295445944085
12073,12073,4,Uckermark,Landkreis,,-0.3541361620910839,264.0517797172609,226.1876481950117
13071,13071,4,Mecklenburgische Seenplatte,Landkreis,,23.2716640967132,228.6954279344067,186.46348895344195
13072,13072,4,Rostock,Landkreis,,28.22201465442294,245.7761387045003,175.09853349292257
13073,13073,4,Vorpommern-Rügen,Landkreis,,57.95441944751908,229.31379928911423,177.88561949888873
13074,13074,4,Nordwestmecklenburg,Landkreis,,13.06414484822973,177.66367664741648,177.8000618028691
13075,13075,4,Vorpommern-Greifswald,Landkreis,,23.260255316809957,242.2382190773853,189.48367220848928
13076,13076,4,Ludwigslust-Parchim,Landkreis,,29.181513177111775,192.02004697901148,141.6258876747868
14522,14522,4,Mittelsachsen,Landkreis,3080.5347951343,22.885049614009763,202.00858736590808,164.02256927572603
14524,14524,4,Zwickau,Landkreis,1047.4920765346,4.965109592362254,235.94390538838368,131.07656982640358
14625,14625,4,Bautzen,Landkreis,190.8049522938324,17.998525955948764,200.3542916578106,178.01229781748341
14626,14626,4,Görlitz,Landkreis,748.7273402754973,-6.827010247293068,209.98009876968527,179.39003553759954
14627,14627,4,Meißen,Landkreis,1919.1934636345,34.20187552121405,165.58532239083632,194.2038711080885
14628,14628,4,Sächsische Schweiz-Osterzgebirge,Landkreis,2095.5782084167,23.709926535678523,211.57600269219822,199.1256186821871
14729,14729,4,Leipzig,Landkreis,918.5852022103801,21.621197870141486,157.15786090238737,107.78281503555998
14730,14730,4,Nordsachsen,Landkreis,594.4156289243065,17.033418661102786,147.38525977546212,146.20752135093062
15082,15082,4,Anhalt-Bitterfeld,Landkreis,344.82267105650146,36.71740812785198,134.174307629753,157.7751707567795
15083,15083,4,Börde,Landkreis,,28.879257881702213,180.746030876161,106.9805599982396
15085,15085,4,Harz,Landkreis,,26.592574026357614,187.09397242442552,112.9852495837052
15086,15086,4,Jerichower Land,Landkreis,,33.65682830522001,195.7430224109041,105.21118172711144
15087,15087,4,Mansfeld-Südharz,Landkreis,-287.55399192656546,22.24727746462945,198.13232463020117,68.17368171088312
15090,15090,4,Stendal,Landkreis,,21.323841373649003,183.89972016929852,106.38412532717877
15091,15091,4,Wittenberg,Landkreis,1574.9430123667,28.01554826798628,158.8572361164472,151.53922895572347
16061,16061,4,Eichsfeld,Landkreis,3939.2177182310998,-15.273997006548909,91.20738603832736,112.3268772144839
16062,16062,4,Nordhausen,Landkreis,2107.7948646533,25.01476089260022,152.22706924786064,98.3927257144036
16066,16066,4,Schmalkalden-Meiningen,Landkreis,2803.3524551328,16.10120186551285,174.34403034802116,102.8282335635106
16067,16067,4,Gotha,Landkreis,1670.6010171746,-6.755344187774936,172.17188793086598,58.1292574153035
16068,16068,4,Sömmerda,Landkreis,555.1461928532098,19.11444590252026,116.24884501248108,87.06371941467813
16069,16069,4,Hildburghausen,Landkreis,1872.1972063029,14.573843398395166,149.32679910821105,128.75245300393198
16071,16071,4,Weimarer Land,Landkreis,635.3911493431482,9.625441650172377,174.7968247617425,81.76069524244892
16072,16072,4,Sonneberg,Landkreis,1344.8834131346998,26.254673564517635,160.1764733822408,73.7118329904992
16073,16073,4,Saalfeld-Rudolstadt,Landkreis,1399.1133521191998,17.720564949435374,223.93533577919342,113.5539612720476
16076,16076,4,Greiz,Landkreis,547.7354382658314,8.683944732911412,221.32543136235492,113.76775158291176
16077,16077,4,Altenburger Land,Landkreis,613.8205013666202,7.099293393310225,150.7456308083092,79.04545246214748
05162,05162,4,Rhein-Kreis Neuss,Kreis,1263.7013949232,30.49276580334244,156.92446644869722,68.3961557271414
05362,05362,4,Rhein-Erft-Kreis,Kreis,1046.6448427332,66.83333993769796,124.87972480090579,135.36705092936617
05374,05374,4,Oberbergischer Kreis,Kreis,1120.3785263214002,38.63787940967525,118.42102840706899,85.45937879916323
05378,05378,4,Rheinisch-Bergischer Kreis,Kreis,1143.4469565905,62.670794245609436,137.33754592335993,34.83285801245322
05382,05382,4,Rhein-Sieg-Kreis,Kreis,1032.0310985918,40.63902836917128,165.02034267000408,127.87075135790694
05954,05954,4,Ennepe-Ruhr-Kreis,Kreis,,60.95187572919284,143.34459760752566,174.91815470052703
05958,05958,4,Hochsauerlandkreis,Kreis,1242.5141684020998,55.95622687377349,149.39831005059725,105.85732364691219
05962,05962,4,Märkischer Kreis,Kreis,246.1037687219277,54.52807560710921,173.83543294621825,150.87677586587677
03358,03358,4,Heidekreis,Landkreis,,51.01939904771222,167.5822046974175,92.21918001978676
06434,06434,4,Hochtaunuskreis,Landkreis,1686.9547618976,58.925656958931654,101.69269571001774,26.699272871454664
06435,06435,4,Main-Kinzig-Kreis,Landkreis,2114.0192426559997,15.592862073728947,139.49374856066032,12.651857051311364
06436,06436,4,Main-Taunus-Kreis,Landkreis,547.3454402048934,61.969698477250354,77.05948586777153,75.09086071714468
06437,06437,4,Odenwaldkreis,Landkreis,2361.7078287196,2.248744520348905,150.4799886985634,139.7728370396984
06439,06439,4,Rheingau-Taunus-Kreis,Landkreis,513.2807583443913,50.49581297533222,142.26812956779722,79.34574805475565
06440,06440,4,Wetteraukreis,Landkreis,1137.4976561216001,29.139673081266363,114.2389670080129,75.92181831991856
06532,06532,4,Lahn-Dill-Kreis,Landkreis,1909.9437580837,21.24380240046371,171.98543083907845,119.57450766386323
06535,06535,4,Vogelsbergkreis,Landkreis,2942.077897588,13.125599463927408,111.12547594190248,100.81030125061338
06634,06634,4,Schwalm-Eder-Kreis,Landkreis,1541.1694502349999,19.60825201362829,143.17422430208717,78.53079358461406
06636,06636,4,Werra-Meißner-Kreis,Landkreis,3088.0924894952,19.19540194844996,136.20250440651978,153.82727722531703
07140,07140,4,Rhein-Hunsrück-Kreis,Landkreis,615.1260817815963,50.37911847336803,156.2831836961602,82.8881641862258
07141,07141,4,Rhein-Lahn-Kreis,Landkreis,1008.4109205896999,31.78967984671158,234.5223909240338,61.01729413111685
07143,07143,4,Westerwaldkreis,Landkreis,1394.5119571742,27.803050943619095,88.82593787983637,104.22543302265737
07232,07232,4,Eifelkreis Bitburg-Prüm,Landkreis,1061.3078664879,16.55007373550532,105.69262570953046,131.75886270082225
07333,07333,4,Donnersbergkreis,Landkreis,586.014430322651,17.723230392826416,87.02590478707125,22.529644523234875
07338,07338,4,Rhein-Pfalz-Kreis,Landkreis,598.5605726279374,62.75264238219552,122.50018830958692,46.99627111371723
08119,08119,4,Rems-Murr-Kreis,Landkreis,748.4132238100258,11.507659480815148,88.74360864142737,135.01460437275523
08126,08126,4,Hohenlohekreis,Landkreis,598.4528608279224,50.098053716884,85.23947523736666,90.06173104616701
08128,08128,4,Main-Tauber-Kreis,Landkreis,447.730785064907,35.350404723834025,127.67075953031701,3.678978347694519
08136,08136,4,Ostalbkreis,Landkreis,411.7001463971215,20.616345256420743,109.90537561734497,115.78478327860302
08225,08225,4,Neckar-Odenwald-Kreis,Landkreis,835.86028813887,20.541178912069437,114.72883085413775,79.44394569879256
08226,08226,4,Rhein-Neckar-Kreis,Landkreis,677.1698586916898,35.02034811459707,123.83267957076272,84.6206979161299
08236,08236,4,Enzkreis,Landkreis,679.8542789255889,24.639402223169608,139.66497361379243,150.16205123069963
08317,08317,4,Ortenaukreis,Landkreis,292.8435125344437,25.602465262607762,164.7798191789407,46.58632978208631
08326,08326,4,Schwarzwald-Baar-Kreis,Landkreis,308.1995926699921,-5.699090046647021,204.67193914933915,77.81850075898433
08417,08417,4,Zollernalbkreis,Landkreis,231.0617078226156,8.42170288483438,215.190096890762,69.62367956619961
08425,08425,4,Alb-Donau-Kreis,Landkreis,378.7907776574691,-12.269043504724799,132.94032966721232,89.42553872042542
08435,08435,4,Bodenseekreis,Landkreis,353.3653192238275,-2.678229904218565,189.47578404518356,65.93407479046581
10045,10045,4,Saarpfalz-Kreis,Landkreis,721.4570220627915,21.29092760068416,120.94049989026483,104.09543471076225
14521,14521,4,Erzgebirgskreis,Landkreis,365.6169411248313,42.177242909378805,273.8948537876437,132.43657124498085
14523,14523,4,Vogtlandkreis,Landkreis,409.5566287933949,4.405732412408551,233.57917711773814,143.03635693317597
15081,15081,4,Altmarkkreis Salzwedel,Landkreis,,29.83641068742381,167.05916139335065,89.60413834035484
15084,15084,4,Burgenlandkreis,Landkreis,704.485193637466,7.827947834119712,182.33671551181584,73.22099697717705
15088,15088,4,Saalekreis,Landkreis,792.6121741969785,8.626388097990718,142.10418497632347,156.2096707991467
15089,15089,4,Salzlandkreis,Landkreis,,38.165788624569736,185.0377194384656,112.52115231116356
16063,16063,4,Wartburgkreis,Landkreis,3094.6509258126002,16.754798981549847,132.71634791660009,92.62933813059315
16064,16064,4,Unstrut-Hainich-Kreis,Landkreis,1998.0343529113998,10.977287695736228,96.40146903314536,72.96501698488849
16065,16065,4,Kyffhäuserkreis,Landkreis,821.1626062961006,-10.138560705750868,148.22251546742908,101.55831165214576
16070,16070,4,Ilm-Kreis,Landkreis,1622.7314522264,13.51784528745864,185.2235722359193,108.95672927466305
16074,16074,4,Saale-Holzland-Kreis,Landkreis,1172.9860415941,10.57521657922398,204.02639712213343,99.4115749872048
16075,16075,4,Saale-Orla-Kreis,Landkreis,273.4964851978158,24.20007382746214,242.99247549950587,70.64779265421161
03241,03241,4,Region Hannover,Landkreis,,33.75545043927218,153.63231405197558,75.59152435199266
10041,10041,4,Regionalverband Saarbrücken,Landkreis,1005.8718643949001,73.1188377573337,65.65641903222996,209.5278985379247
05334,05334,4,Städteregion Aachen,Kreis,625.5273512940082,61.57778372630524,225.07157963704765,106.91761714480452
